symptom,disease
Red skin lesion - early symptom,Diabetes-like pressure ulcer
Progressive tissue damage at site of ulcer,Diabetes-like pressure ulcer
Open skin sore,Diabetes-like pressure ulcer
Skin blistering,Diabetes-like pressure ulcer
Blurred vision,Diabetes-like retinal edema
Retinal swelling,Diabetes-like retinal edema
Cardiomyopathy,Cardiomyopathy diabetes deafness
Deafness,Cardiomyopathy diabetes deafness
Heart dysfunction,Cardiomyopathy diabetes deafness
Walking problems in sever cases,Diabetes like foot weakness
Foot weakness,Diabetes like foot weakness
Neonatal diabetes,"Diabetes, neonatal -- congenital hypothyroidism -- congenital glaucoma -- hepatic fibrosis -- polycystic kidneys"
Cholestasis,"Diabetes, neonatal -- congenital hypothyroidism -- congenital glaucoma -- hepatic fibrosis -- polycystic kidneys"
Polycystic kidneys,"Diabetes, neonatal -- congenital hypothyroidism -- congenital glaucoma -- hepatic fibrosis -- polycystic kidneys"
Normal kidney function,"Diabetes, neonatal -- congenital hypothyroidism -- congenital glaucoma -- hepatic fibrosis -- polycystic kidneys"
Congenital glaucoma,"Diabetes, neonatal -- congenital hypothyroidism -- congenital glaucoma -- hepatic fibrosis -- polycystic kidneys"
Congenital hypothyroidism,"Diabetes, neonatal -- congenital hypothyroidism -- congenital glaucoma -- hepatic fibrosis -- polycystic kidneys"
Minor facial anomalies,"Diabetes, neonatal -- congenital hypothyroidism -- congenital glaucoma -- hepatic fibrosis -- polycystic kidneys"
Retarded fetal growth,"Diabetes, neonatal -- congenital hypothyroidism -- congenital glaucoma -- hepatic fibrosis -- polycystic kidneys"
Liver disease,"Diabetes, neonatal -- congenital hypothyroidism -- congenital glaucoma -- hepatic fibrosis -- polycystic kidneys"
Liver fibrosis,"Diabetes, neonatal -- congenital hypothyroidism -- congenital glaucoma -- hepatic fibrosis -- polycystic kidneys"
Enlarged kidneys,"Diabetes, neonatal -- congenital hypothyroidism -- congenital glaucoma -- hepatic fibrosis -- polycystic kidneys"
Nausea,Type 1 diabetes
Coma,Type 1 diabetes
Muscle cramps,Type 1 diabetes
Death,Type 1 diabetes
Diabetic ketoacidosis (dka),Type 1 diabetes
Tiredness,Type 1 diabetes
Irritability,Type 1 diabetes
Weight loss,Type 1 diabetes
Blurred vision,Type 1 diabetes
Thirst,Type 1 diabetes
Increased urination,Type 1 diabetes
Excessive hunger,Type 1 diabetes
Neuropathies,Diabetes-like neuropathy symptoms
Pain sensations,Diabetes-like neuropathy symptoms
Impaired bowel function - due to autonomic neuropathy,Diabetes-like neuropathy symptoms
Impaired bladder function - due to autonomic neuropathy,Diabetes-like neuropathy symptoms
Numbness,Diabetes-like neuropathy symptoms
Tingling,Diabetes-like neuropathy symptoms
Digestive problems,Diabetes-like neuropathy symptoms
Sexual problems,Diabetes-like neuropathy symptoms
Autonomic neuropathy,Diabetes-like neuropathy symptoms
Nerve damage,Diabetes-like neuropathy symptoms
Sensory abnormalities,Diabetes-like neuropathy symptoms
Reduced sensations,Diabetes-like neuropathy symptoms
Weak muscles,Muscle weakness and atrophy as in case of diabetes mellitus
Wasted muscles,Muscle weakness and atrophy as in case of diabetes mellitus
Nausea,"Diabetes mellitus, insulin-dependent, susceptibility to, 12"
Muscle cramps,"Diabetes mellitus, insulin-dependent, susceptibility to, 12"
Tiredness,"Diabetes mellitus, insulin-dependent, susceptibility to, 12"
Irritability,"Diabetes mellitus, insulin-dependent, susceptibility to, 12"
Weight loss,"Diabetes mellitus, insulin-dependent, susceptibility to, 12"
Blurred vision,"Diabetes mellitus, insulin-dependent, susceptibility to, 12"
Thirst,"Diabetes mellitus, insulin-dependent, susceptibility to, 12"
Increased urination,"Diabetes mellitus, insulin-dependent, susceptibility to, 12"
Excessive hunger,"Diabetes mellitus, insulin-dependent, susceptibility to, 12"
Bronzing of the skin (hence the term 'bronze diabetes),Hemochromatosis-related diabetes
Liver or pancreatic cancer,Hemochromatosis-related diabetes
Hair loss,Hemochromatosis-related diabetes
Chronic fatigue,Hemochromatosis-related diabetes
Abdominal pain,Hemochromatosis-related diabetes
Joint pain,Hemochromatosis-related diabetes
Thyroid problems,Hemochromatosis-related diabetes
Liver disease,Hemochromatosis-related diabetes
Impotence,Hemochromatosis-related diabetes
Menstrual irregularities,Hemochromatosis-related diabetes
Symptoms are similar to early type 2 diabetes,Mody diabetes
Transient impairment of insulin production,Transient diabetes mellitus
Transient blood sugar abnormality,Transient diabetes mellitus
Polyuria,Malnutrition-related diabetes mellitus
Frequent infections,Malnutrition-related diabetes mellitus
Polyphagia,Malnutrition-related diabetes mellitus
Polydipsia,Malnutrition-related diabetes mellitus
Has no known relatives with type 2 diabetes,Latent autoimmune diabetes in adults
Has not had a significant unexplained weight loss.,Latent autoimmune diabetes in adults
Does not present with ketoacidosis.,Latent autoimmune diabetes in adults
Insulin resistance,Lipoatrophic diabetes
High blood sugars,Lipoatrophic diabetes
Loss of fatty layer under skin,Lipoatrophic diabetes
High blood insulin,Lipoatrophic diabetes
Abnormal heart rhythm,Maternally inherited diabetes and deafness with cardiomyopathy
Chest pain,Maternally inherited diabetes and deafness with cardiomyopathy
Enlarged heart,Maternally inherited diabetes and deafness with cardiomyopathy
Diabetes mellitus,Maternally inherited diabetes and deafness with cardiomyopathy
Deafness,Maternally inherited diabetes and deafness with cardiomyopathy
Heart dysfunction,Maternally inherited diabetes and deafness with cardiomyopathy
Reduced appetite,Maternally inherited diabetes and deafness with cardiomyopathy
Eunuchoid habitus,Mental retardation -- dysmorphism -- hypogonadism -- diabetes
Delayed puberty,Mental retardation -- dysmorphism -- hypogonadism -- diabetes
Broad nose,Mental retardation -- dysmorphism -- hypogonadism -- diabetes
Epilepsy,Mental retardation -- dysmorphism -- hypogonadism -- diabetes
Hypogonadism,Mental retardation -- dysmorphism -- hypogonadism -- diabetes
Type 1 diabetes mellitus,Mental retardation -- dysmorphism -- hypogonadism -- diabetes
Deep set eyes,Mental retardation -- dysmorphism -- hypogonadism -- diabetes
Hole in nostrils,Mental retardation -- dysmorphism -- hypogonadism -- diabetes
Protruding jaw,Mental retardation -- dysmorphism -- hypogonadism -- diabetes
Long rib cage,Mental retardation -- dysmorphism -- hypogonadism -- diabetes
Long face,Mental retardation -- dysmorphism -- hypogonadism -- diabetes
Bone pain,Phosphate diabetes
Low blood phosphate level,Phosphate diabetes
Fractures,Phosphate diabetes
Reduced bone mineral density,Phosphate diabetes
Depression,Phosphate diabetes
Myalgias,Phosphate diabetes
Shortness of breath,Phosphate diabetes
Nausea,"Diabetes mellitus, insulin-dependent, susceptibility to, 5"
Muscle cramps,"Diabetes mellitus, insulin-dependent, susceptibility to, 5"
Tiredness,"Diabetes mellitus, insulin-dependent, susceptibility to, 5"
Irritability,"Diabetes mellitus, insulin-dependent, susceptibility to, 5"
Weight loss,"Diabetes mellitus, insulin-dependent, susceptibility to, 5"
Blurred vision,"Diabetes mellitus, insulin-dependent, susceptibility to, 5"
Thirst,"Diabetes mellitus, insulin-dependent, susceptibility to, 5"
Increased urination,"Diabetes mellitus, insulin-dependent, susceptibility to, 5"
Excessive hunger,"Diabetes mellitus, insulin-dependent, susceptibility to, 5"
Bad breath,Tooth abnormalities as seen in diabetes
Gums pulling away from teeth,Tooth abnormalities as seen in diabetes
Poorly-fitting dentures,Tooth abnormalities as seen in diabetes
Swollen gums,Tooth abnormalities as seen in diabetes
Bleeding from gums,Tooth abnormalities as seen in diabetes
Sensitive teeth,Tooth abnormalities as seen in diabetes
Red gums,Tooth abnormalities as seen in diabetes
Sore gums,Tooth abnormalities as seen in diabetes
Loose teeth,Tooth abnormalities as seen in diabetes
Bite changes,Tooth abnormalities as seen in diabetes
Diabetes insipidus,Autoimmune diabetes insipidus
Nausea,"Diabetes mellitus, insulin-dependent, susceptibility to, 8"
Muscle cramps,"Diabetes mellitus, insulin-dependent, susceptibility to, 8"
Tiredness,"Diabetes mellitus, insulin-dependent, susceptibility to, 8"
Irritability,"Diabetes mellitus, insulin-dependent, susceptibility to, 8"
Weight loss,"Diabetes mellitus, insulin-dependent, susceptibility to, 8"
Blurred vision,"Diabetes mellitus, insulin-dependent, susceptibility to, 8"
Thirst,"Diabetes mellitus, insulin-dependent, susceptibility to, 8"
Increased urination,"Diabetes mellitus, insulin-dependent, susceptibility to, 8"
Excessive hunger,"Diabetes mellitus, insulin-dependent, susceptibility to, 8"
Hyperthyroidism,"Diabetes mellitus, congenital insulin-dependent, with fatal secretory diarrhea"
Malabsorption,"Diabetes mellitus, congenital insulin-dependent, with fatal secretory diarrhea"
Autoimmune hemolytic anemia,"Diabetes mellitus, congenital insulin-dependent, with fatal secretory diarrhea"
High ige levels,"Diabetes mellitus, congenital insulin-dependent, with fatal secretory diarrhea"
Generalized wasting,"Diabetes mellitus, congenital insulin-dependent, with fatal secretory diarrhea"
Severe infections,"Diabetes mellitus, congenital insulin-dependent, with fatal secretory diarrhea"
Diarrhea,"Diabetes mellitus, congenital insulin-dependent, with fatal secretory diarrhea"
Dermatitis,"Diabetes mellitus, congenital insulin-dependent, with fatal secretory diarrhea"
Type 1 diabetes mellitus,"Diabetes mellitus, congenital insulin-dependent, with fatal secretory diarrhea"
Autoimmune thrombocytopenia,"Diabetes mellitus, congenital insulin-dependent, with fatal secretory diarrhea"
Autoimmune neutropenia,"Diabetes mellitus, congenital insulin-dependent, with fatal secretory diarrhea"
Failure to thrive,"Diabetes mellitus, congenital insulin-dependent, with fatal secretory diarrhea"
Hypothyroidism,"Diabetes mellitus, congenital insulin-dependent, with fatal secretory diarrhea"
Sensitivity to light,Diabetes-like blepharitis
Red inflamed eyelids,Diabetes-like blepharitis
Foreign body sensation in eye,Diabetes-like blepharitis
Discharge,Diabetes-like blepharitis
Eyelid irritation,Diabetes-like blepharitis
Itchy eyelids,Diabetes-like blepharitis
Eyelid pain,Diabetes-like blepharitis
Swollen eyelids,Diabetes-like blepharitis
Nausea,Type 2 diabetes
Paresthesia,Type 2 diabetes
Hand tingling,Type 2 diabetes
Poor skin healing,Type 2 diabetes
Muscle cramps,Type 2 diabetes
Numbness in hands,Type 2 diabetes
Dry itchy skin,Type 2 diabetes
Absence of menstruation,Type 2 diabetes
Thrush,Type 2 diabetes
Tinea,Type 2 diabetes
Skin infections,Type 2 diabetes
Breathing difficulties,Type 2 diabetes
Numbness in feet,Type 2 diabetes
Headaches,Type 2 diabetes
Tiredness,Type 2 diabetes
Hypertension,Type 2 diabetes
Sexual problems,Type 2 diabetes
Irritability,Type 2 diabetes
Foot tingling,Type 2 diabetes
Vaginal dryness,Type 2 diabetes
Peripheral neuropathies,Type 2 diabetes
Symptoms of diabetes,Type 2 diabetes
Muscle weakness,Type 2 diabetes
Bed wetting,Type 2 diabetes
Muscle aches,Type 2 diabetes
Malaise,Type 2 diabetes
Premature menopause,Type 2 diabetes
Abdominal pain,Type 2 diabetes
Persistent fungal skin infections,Type 2 diabetes
Blurred vision,Type 2 diabetes
Poor healing,Type 2 diabetes
Erectile failure,Type 2 diabetes
Candida,Type 2 diabetes
Thirst,Type 2 diabetes
Flaky skin,Type 2 diabetes
Weight gain,Type 2 diabetes
Skin ulcers,Type 2 diabetes
Acne,Type 2 diabetes
Skin rashes,Type 2 diabetes
Urinary tract infections,Type 2 diabetes
Increased urination,Type 2 diabetes
Hyperglycemic hyperosmolar nonketotic syndrome (hhns),Type 2 diabetes
Sweet-smelling fruity acetone breath,Type 2 diabetes
Excessive hunger,Type 2 diabetes
Short statures,Ataxia -- diabetes -- goiter -- gonadal insufficiency
Small brain,Ataxia -- diabetes -- goiter -- gonadal insufficiency
Small head,Ataxia -- diabetes -- goiter -- gonadal insufficiency
Large eyes,Ataxia -- diabetes -- goiter -- gonadal insufficiency
Delayed puberty,Ataxia -- diabetes -- goiter -- gonadal insufficiency
Low birth weight,Ataxia -- diabetes -- goiter -- gonadal insufficiency
Premature fusion of sagittal skull bones,Ataxia -- diabetes -- goiter -- gonadal insufficiency
Beaked nose,Ataxia -- diabetes -- goiter -- gonadal insufficiency
Underdeveloped external genitalia,Ataxia -- diabetes -- goiter -- gonadal insufficiency
Insulin resistant diabetes,Ataxia -- diabetes -- goiter -- gonadal insufficiency
Undescended testicles,Ataxia -- diabetes -- goiter -- gonadal insufficiency
Mental retardation,Ataxia -- diabetes -- goiter -- gonadal insufficiency
Pancytopenia,Ataxia -- diabetes -- goiter -- gonadal insufficiency
Ataxia,Ataxia -- diabetes -- goiter -- gonadal insufficiency
Deafness,Ataxia -- diabetes -- goiter -- gonadal insufficiency
Retarded fetal growth,Ataxia -- diabetes -- goiter -- gonadal insufficiency
Narrow face,Ataxia -- diabetes -- goiter -- gonadal insufficiency
Primary gonadal insufficiency,Ataxia -- diabetes -- goiter -- gonadal insufficiency
Increased hormone levels,Ataxia -- diabetes -- goiter -- gonadal insufficiency
Clubfoot,Ataxia -- diabetes -- goiter -- gonadal insufficiency
Retruding lower jaw,Ataxia -- diabetes -- goiter -- gonadal insufficiency
Prominent nose,Ataxia -- diabetes -- goiter -- gonadal insufficiency
Goiters,Ataxia -- diabetes -- goiter -- gonadal insufficiency
Short statures,"Diabetes insipidus, nephrogenic, recessive type"
Dilated ureters,"Diabetes insipidus, nephrogenic, recessive type"
Irritability,"Diabetes insipidus, nephrogenic, recessive type"
Feeding difficulties,"Diabetes insipidus, nephrogenic, recessive type"
Constipations,"Diabetes insipidus, nephrogenic, recessive type"
Dilated bladder,"Diabetes insipidus, nephrogenic, recessive type"
Failure to thrive,"Diabetes insipidus, nephrogenic, recessive type"
Hypernatremia,"Diabetes insipidus, nephrogenic, recessive type"
Fever,"Diabetes insipidus, nephrogenic, recessive type"
Thirst,"Diabetes insipidus, nephrogenic, recessive type"
Seizures,"Diabetes insipidus, nephrogenic, recessive type"
Increased urination,"Diabetes insipidus, nephrogenic, recessive type"
Dilated ureters,"Diabetes insipidus, neurogenic"
Irritability,"Diabetes insipidus, neurogenic"
Constipations,"Diabetes insipidus, neurogenic"
Dilated bladder,"Diabetes insipidus, neurogenic"
Hypernatremia,"Diabetes insipidus, neurogenic"
Lethargy,"Diabetes insipidus, neurogenic"
Thirst,"Diabetes insipidus, neurogenic"
Seizures,"Diabetes insipidus, neurogenic"
Increased urination,"Diabetes insipidus, neurogenic"
Insulin deficiency,"Diabetes mellitus, transient neonatal"
Poor weight gain,"Diabetes mellitus, transient neonatal"
Abscesses,"Diabetes mellitus, transient neonatal"
Low birth weight,"Diabetes mellitus, transient neonatal"
Excess sugar in the urine,"Diabetes mellitus, transient neonatal"
Absence of ketonuria,"Diabetes mellitus, transient neonatal"
Emaciation at birth,"Diabetes mellitus, transient neonatal"
Fever,"Diabetes mellitus, transient neonatal"
Lack of subcutaneous fat,"Diabetes mellitus, transient neonatal"
Thirst,"Diabetes mellitus, transient neonatal"
Increased urination,"Diabetes mellitus, transient neonatal"
Type 2 diabetes,Gestational diabetes
Nausea,"Diabetes mellitus, insulin-dependent, susceptibility to, 18"
Muscle cramps,"Diabetes mellitus, insulin-dependent, susceptibility to, 18"
Tiredness,"Diabetes mellitus, insulin-dependent, susceptibility to, 18"
Irritability,"Diabetes mellitus, insulin-dependent, susceptibility to, 18"
Weight loss,"Diabetes mellitus, insulin-dependent, susceptibility to, 18"
Blurred vision,"Diabetes mellitus, insulin-dependent, susceptibility to, 18"
Thirst,"Diabetes mellitus, insulin-dependent, susceptibility to, 18"
Increased urination,"Diabetes mellitus, insulin-dependent, susceptibility to, 18"
Excessive hunger,"Diabetes mellitus, insulin-dependent, susceptibility to, 18"
Nausea,"Diabetes mellitus, insulin-dependent, susceptibility to, 11"
Muscle cramps,"Diabetes mellitus, insulin-dependent, susceptibility to, 11"
Tiredness,"Diabetes mellitus, insulin-dependent, susceptibility to, 11"
Irritability,"Diabetes mellitus, insulin-dependent, susceptibility to, 11"
Weight loss,"Diabetes mellitus, insulin-dependent, susceptibility to, 11"
Blurred vision,"Diabetes mellitus, insulin-dependent, susceptibility to, 11"
Thirst,"Diabetes mellitus, insulin-dependent, susceptibility to, 11"
Increased urination,"Diabetes mellitus, insulin-dependent, susceptibility to, 11"
Excessive hunger,"Diabetes mellitus, insulin-dependent, susceptibility to, 11"
Muscle wasting,Myopathy and diabetes mellitus
Dysarthria,Myopathy and diabetes mellitus
Exercise intolerance,Myopathy and diabetes mellitus
Muscle weakness,Myopathy and diabetes mellitus
Muscle pain,Myopathy and diabetes mellitus
Mental retardation,Myopathy and diabetes mellitus
Ataxia,Myopathy and diabetes mellitus
Hydronephrosis,Vasopressin-resistant diabetes insipidus
Bladder enlargement,Vasopressin-resistant diabetes insipidus
Failure to thrive,Vasopressin-resistant diabetes insipidus
Polyurea,Vasopressin-resistant diabetes insipidus
Polydipsia,Vasopressin-resistant diabetes insipidus
Nocturia,Vasopressin-resistant diabetes insipidus
Methylmalonic acidemia,Pancreatic beta cell agenesis with neonatal diabetes mellitus
Infant death,Pancreatic beta cell agenesis with neonatal diabetes mellitus
Deficient insulin production,Pancreatic beta cell agenesis with neonatal diabetes mellitus
Insulin-dependent diabetes mellitus,Pancreatic beta cell agenesis with neonatal diabetes mellitus
Holoprosencephaly,Insulin dependent diabetes mellitus -- teratogenic agent
Limb defects,Insulin dependent diabetes mellitus -- teratogenic agent
Congenital heart defects,Insulin dependent diabetes mellitus -- teratogenic agent
Pregnancy loss,Insulin dependent diabetes mellitus -- teratogenic agent
Caudal deficiency,Insulin dependent diabetes mellitus -- teratogenic agent
Neural tube defect,Insulin dependent diabetes mellitus -- teratogenic agent
Noninsulin-dependent diabetes mellitus,Maternally inherited diabetes and deafness
Sensorineural deafness,Maternally inherited diabetes and deafness
Deafness,Maternally inherited diabetes and deafness
Nausea,"Diabetes mellitus, insulin-dependent, susceptibility to, 24"
Muscle cramps,"Diabetes mellitus, insulin-dependent, susceptibility to, 24"
Tiredness,"Diabetes mellitus, insulin-dependent, susceptibility to, 24"
Irritability,"Diabetes mellitus, insulin-dependent, susceptibility to, 24"
Weight loss,"Diabetes mellitus, insulin-dependent, susceptibility to, 24"
Blurred vision,"Diabetes mellitus, insulin-dependent, susceptibility to, 24"
Thirst,"Diabetes mellitus, insulin-dependent, susceptibility to, 24"
Increased urination,"Diabetes mellitus, insulin-dependent, susceptibility to, 24"
Excessive hunger,"Diabetes mellitus, insulin-dependent, susceptibility to, 24"
Nausea,"Diabetes mellitus, insulin-dependent, susceptibility to, 23"
Muscle cramps,"Diabetes mellitus, insulin-dependent, susceptibility to, 23"
Tiredness,"Diabetes mellitus, insulin-dependent, susceptibility to, 23"
Irritability,"Diabetes mellitus, insulin-dependent, susceptibility to, 23"
Weight loss,"Diabetes mellitus, insulin-dependent, susceptibility to, 23"
Blurred vision,"Diabetes mellitus, insulin-dependent, susceptibility to, 23"
Thirst,"Diabetes mellitus, insulin-dependent, susceptibility to, 23"
Increased urination,"Diabetes mellitus, insulin-dependent, susceptibility to, 23"
Excessive hunger,"Diabetes mellitus, insulin-dependent, susceptibility to, 23"
Nausea,"Diabetes mellitus, insulin-dependent, susceptibility to, 21"
Muscle cramps,"Diabetes mellitus, insulin-dependent, susceptibility to, 21"
Tiredness,"Diabetes mellitus, insulin-dependent, susceptibility to, 21"
Irritability,"Diabetes mellitus, insulin-dependent, susceptibility to, 21"
Weight loss,"Diabetes mellitus, insulin-dependent, susceptibility to, 21"
Blurred vision,"Diabetes mellitus, insulin-dependent, susceptibility to, 21"
Thirst,"Diabetes mellitus, insulin-dependent, susceptibility to, 21"
Increased urination,"Diabetes mellitus, insulin-dependent, susceptibility to, 21"
Excessive hunger,"Diabetes mellitus, insulin-dependent, susceptibility to, 21"
Nausea,"Diabetes mellitus, insulin-dependent, susceptibility to, 4"
Muscle cramps,"Diabetes mellitus, insulin-dependent, susceptibility to, 4"
Tiredness,"Diabetes mellitus, insulin-dependent, susceptibility to, 4"
Irritability,"Diabetes mellitus, insulin-dependent, susceptibility to, 4"
Weight loss,"Diabetes mellitus, insulin-dependent, susceptibility to, 4"
Blurred vision,"Diabetes mellitus, insulin-dependent, susceptibility to, 4"
Thirst,"Diabetes mellitus, insulin-dependent, susceptibility to, 4"
Increased urination,"Diabetes mellitus, insulin-dependent, susceptibility to, 4"
Excessive hunger,"Diabetes mellitus, insulin-dependent, susceptibility to, 4"
Nausea,"Diabetes mellitus, insulin-dependent, susceptibility to, 7"
Muscle cramps,"Diabetes mellitus, insulin-dependent, susceptibility to, 7"
Tiredness,"Diabetes mellitus, insulin-dependent, susceptibility to, 7"
Irritability,"Diabetes mellitus, insulin-dependent, susceptibility to, 7"
Weight loss,"Diabetes mellitus, insulin-dependent, susceptibility to, 7"
Blurred vision,"Diabetes mellitus, insulin-dependent, susceptibility to, 7"
Thirst,"Diabetes mellitus, insulin-dependent, susceptibility to, 7"
Increased urination,"Diabetes mellitus, insulin-dependent, susceptibility to, 7"
Excessive hunger,"Diabetes mellitus, insulin-dependent, susceptibility to, 7"
Nausea,"Diabetes mellitus, insulin-dependent, susceptibility to, 6"
Muscle cramps,"Diabetes mellitus, insulin-dependent, susceptibility to, 6"
Tiredness,"Diabetes mellitus, insulin-dependent, susceptibility to, 6"
Irritability,"Diabetes mellitus, insulin-dependent, susceptibility to, 6"
Weight loss,"Diabetes mellitus, insulin-dependent, susceptibility to, 6"
Blurred vision,"Diabetes mellitus, insulin-dependent, susceptibility to, 6"
Thirst,"Diabetes mellitus, insulin-dependent, susceptibility to, 6"
Increased urination,"Diabetes mellitus, insulin-dependent, susceptibility to, 6"
Excessive hunger,"Diabetes mellitus, insulin-dependent, susceptibility to, 6"
Nausea,"Diabetes mellitus, insulin-dependent, susceptibility to, 3"
Muscle cramps,"Diabetes mellitus, insulin-dependent, susceptibility to, 3"
Tiredness,"Diabetes mellitus, insulin-dependent, susceptibility to, 3"
Irritability,"Diabetes mellitus, insulin-dependent, susceptibility to, 3"
Weight loss,"Diabetes mellitus, insulin-dependent, susceptibility to, 3"
Blurred vision,"Diabetes mellitus, insulin-dependent, susceptibility to, 3"
Thirst,"Diabetes mellitus, insulin-dependent, susceptibility to, 3"
Increased urination,"Diabetes mellitus, insulin-dependent, susceptibility to, 3"
Excessive hunger,"Diabetes mellitus, insulin-dependent, susceptibility to, 3"
Nausea,"Diabetes mellitus, insulin-dependent, susceptibility to, 2"
Muscle cramps,"Diabetes mellitus, insulin-dependent, susceptibility to, 2"
Tiredness,"Diabetes mellitus, insulin-dependent, susceptibility to, 2"
Irritability,"Diabetes mellitus, insulin-dependent, susceptibility to, 2"
Weight loss,"Diabetes mellitus, insulin-dependent, susceptibility to, 2"
Blurred vision,"Diabetes mellitus, insulin-dependent, susceptibility to, 2"
Thirst,"Diabetes mellitus, insulin-dependent, susceptibility to, 2"
Increased urination,"Diabetes mellitus, insulin-dependent, susceptibility to, 2"
Excessive hunger,"Diabetes mellitus, insulin-dependent, susceptibility to, 2"
Nausea,"Diabetes mellitus, insulin-dependent, susceptibility to, 19"
Muscle cramps,"Diabetes mellitus, insulin-dependent, susceptibility to, 19"
Tiredness,"Diabetes mellitus, insulin-dependent, susceptibility to, 19"
Irritability,"Diabetes mellitus, insulin-dependent, susceptibility to, 19"
Weight loss,"Diabetes mellitus, insulin-dependent, susceptibility to, 19"
Blurred vision,"Diabetes mellitus, insulin-dependent, susceptibility to, 19"
Thirst,"Diabetes mellitus, insulin-dependent, susceptibility to, 19"
Increased urination,"Diabetes mellitus, insulin-dependent, susceptibility to, 19"
Excessive hunger,"Diabetes mellitus, insulin-dependent, susceptibility to, 19"
Nausea,"Diabetes mellitus, insulin-dependent, susceptibility to, 17"
Muscle cramps,"Diabetes mellitus, insulin-dependent, susceptibility to, 17"
Tiredness,"Diabetes mellitus, insulin-dependent, susceptibility to, 17"
Irritability,"Diabetes mellitus, insulin-dependent, susceptibility to, 17"
Weight loss,"Diabetes mellitus, insulin-dependent, susceptibility to, 17"
Blurred vision,"Diabetes mellitus, insulin-dependent, susceptibility to, 17"
Thirst,"Diabetes mellitus, insulin-dependent, susceptibility to, 17"
Increased urination,"Diabetes mellitus, insulin-dependent, susceptibility to, 17"
Excessive hunger,"Diabetes mellitus, insulin-dependent, susceptibility to, 17"
Nausea,"Diabetes mellitus, insulin-dependent, susceptibility to, 15"
Muscle cramps,"Diabetes mellitus, insulin-dependent, susceptibility to, 15"
Tiredness,"Diabetes mellitus, insulin-dependent, susceptibility to, 15"
Irritability,"Diabetes mellitus, insulin-dependent, susceptibility to, 15"
Weight loss,"Diabetes mellitus, insulin-dependent, susceptibility to, 15"
Blurred vision,"Diabetes mellitus, insulin-dependent, susceptibility to, 15"
Thirst,"Diabetes mellitus, insulin-dependent, susceptibility to, 15"
Increased urination,"Diabetes mellitus, insulin-dependent, susceptibility to, 15"
Excessive hunger,"Diabetes mellitus, insulin-dependent, susceptibility to, 15"
Nausea,"Diabetes mellitus, insulin-dependent, susceptibility to, 13"
Muscle cramps,"Diabetes mellitus, insulin-dependent, susceptibility to, 13"
Tiredness,"Diabetes mellitus, insulin-dependent, susceptibility to, 13"
Irritability,"Diabetes mellitus, insulin-dependent, susceptibility to, 13"
Weight loss,"Diabetes mellitus, insulin-dependent, susceptibility to, 13"
Blurred vision,"Diabetes mellitus, insulin-dependent, susceptibility to, 13"
Thirst,"Diabetes mellitus, insulin-dependent, susceptibility to, 13"
Increased urination,"Diabetes mellitus, insulin-dependent, susceptibility to, 13"
Excessive hunger,"Diabetes mellitus, insulin-dependent, susceptibility to, 13"
Nausea,"Diabetes mellitus, insulin-dependent, susceptibility to, 10"
Muscle cramps,"Diabetes mellitus, insulin-dependent, susceptibility to, 10"
Tiredness,"Diabetes mellitus, insulin-dependent, susceptibility to, 10"
Irritability,"Diabetes mellitus, insulin-dependent, susceptibility to, 10"
Weight loss,"Diabetes mellitus, insulin-dependent, susceptibility to, 10"
Blurred vision,"Diabetes mellitus, insulin-dependent, susceptibility to, 10"
Thirst,"Diabetes mellitus, insulin-dependent, susceptibility to, 10"
Increased urination,"Diabetes mellitus, insulin-dependent, susceptibility to, 10"
Excessive hunger,"Diabetes mellitus, insulin-dependent, susceptibility to, 10"
Nausea,"Diabetes mellitus, insulin-dependent, susceptibility to, 1"
Muscle cramps,"Diabetes mellitus, insulin-dependent, susceptibility to, 1"
Tiredness,"Diabetes mellitus, insulin-dependent, susceptibility to, 1"
Irritability,"Diabetes mellitus, insulin-dependent, susceptibility to, 1"
Weight loss,"Diabetes mellitus, insulin-dependent, susceptibility to, 1"
Blurred vision,"Diabetes mellitus, insulin-dependent, susceptibility to, 1"
Thirst,"Diabetes mellitus, insulin-dependent, susceptibility to, 1"
Increased urination,"Diabetes mellitus, insulin-dependent, susceptibility to, 1"
Excessive hunger,"Diabetes mellitus, insulin-dependent, susceptibility to, 1"
Nausea,"Diabetes mellitus, insulin-dependent, susceptibility to, 22"
Muscle cramps,"Diabetes mellitus, insulin-dependent, susceptibility to, 22"
Tiredness,"Diabetes mellitus, insulin-dependent, susceptibility to, 22"
Irritability,"Diabetes mellitus, insulin-dependent, susceptibility to, 22"
Weight loss,"Diabetes mellitus, insulin-dependent, susceptibility to, 22"
Blurred vision,"Diabetes mellitus, insulin-dependent, susceptibility to, 22"
Thirst,"Diabetes mellitus, insulin-dependent, susceptibility to, 22"
Increased urination,"Diabetes mellitus, insulin-dependent, susceptibility to, 22"
Excessive hunger,"Diabetes mellitus, insulin-dependent, susceptibility to, 22"
Nausea,"Diabetes mellitus, insulin-dependent, susceptibility to, 20"
Muscle cramps,"Diabetes mellitus, insulin-dependent, susceptibility to, 20"
Tiredness,"Diabetes mellitus, insulin-dependent, susceptibility to, 20"
Irritability,"Diabetes mellitus, insulin-dependent, susceptibility to, 20"
Weight loss,"Diabetes mellitus, insulin-dependent, susceptibility to, 20"
Blurred vision,"Diabetes mellitus, insulin-dependent, susceptibility to, 20"
Thirst,"Diabetes mellitus, insulin-dependent, susceptibility to, 20"
Increased urination,"Diabetes mellitus, insulin-dependent, susceptibility to, 20"
Excessive hunger,"Diabetes mellitus, insulin-dependent, susceptibility to, 20"
Abnormal pancreas,"Diabetes mellitus, permanent neonatal -- pancreatic and cerebellar agenesis"
High blood sugars,"Diabetes mellitus, permanent neonatal -- pancreatic and cerebellar agenesis"
Abnormal cerebellar development,"Diabetes mellitus, permanent neonatal -- pancreatic and cerebellar agenesis"
Optic disc anomaly,"Diabetes mellitus, permanent neonatal -- pancreatic and cerebellar agenesis"
Death soon after birth,"Diabetes mellitus, permanent neonatal -- pancreatic and cerebellar agenesis"
Malformed ears,"Diabetes mellitus, permanent neonatal -- pancreatic and cerebellar agenesis"
Beaked nose,"Diabetes mellitus, permanent neonatal -- pancreatic and cerebellar agenesis"
Small jaw,"Diabetes mellitus, permanent neonatal -- pancreatic and cerebellar agenesis"
Underdeveloped optic nerves,"Diabetes mellitus, permanent neonatal -- pancreatic and cerebellar agenesis"
Flexion contractures of arms,"Diabetes mellitus, permanent neonatal -- pancreatic and cerebellar agenesis"
Flexion contractures of legs,"Diabetes mellitus, permanent neonatal -- pancreatic and cerebellar agenesis"
Reduced levels of skin fat,"Diabetes mellitus, permanent neonatal -- pancreatic and cerebellar agenesis"
Low set ears,"Diabetes mellitus, permanent neonatal -- pancreatic and cerebellar agenesis"
Absent cerebellum,"Diabetes mellitus, permanent neonatal -- pancreatic and cerebellar agenesis"
Absent pancreas,"Diabetes mellitus, permanent neonatal -- pancreatic and cerebellar agenesis"
Diabetes melllitus,"Diabetes mellitus, permanent neonatal -- pancreatic and cerebellar agenesis"
Retarded fetal growth,"Diabetes mellitus, permanent neonatal -- pancreatic and cerebellar agenesis"
Triangular face,"Diabetes mellitus, permanent neonatal -- pancreatic and cerebellar agenesis"
Short statures,"Diabetes insipidus, nephrogenic, dominant type"
Dilated ureters,"Diabetes insipidus, nephrogenic, dominant type"
Irritability,"Diabetes insipidus, nephrogenic, dominant type"
Feeding difficulties,"Diabetes insipidus, nephrogenic, dominant type"
Constipations,"Diabetes insipidus, nephrogenic, dominant type"
Dilated bladder,"Diabetes insipidus, nephrogenic, dominant type"
Failure to thrive,"Diabetes insipidus, nephrogenic, dominant type"
Hypernatremia,"Diabetes insipidus, nephrogenic, dominant type"
Fever,"Diabetes insipidus, nephrogenic, dominant type"
Thirst,"Diabetes insipidus, nephrogenic, dominant type"
Seizures,"Diabetes insipidus, nephrogenic, dominant type"
Increased urination,"Diabetes insipidus, nephrogenic, dominant type"
Hearing loss,"Diabetes insipidus, diabetes mellitus, optic atrophy, deafness, mitochondrial form"
Diabetes insipidus,"Diabetes insipidus, diabetes mellitus, optic atrophy, deafness, mitochondrial form"
Megaloblastic anemia,"Diabetes insipidus, diabetes mellitus, optic atrophy, deafness, mitochondrial form"
Blindness,"Diabetes insipidus, diabetes mellitus, optic atrophy, deafness, mitochondrial form"
Hydroureter,"Diabetes insipidus, diabetes mellitus, optic atrophy, deafness, mitochondrial form"
Thrombocytopenia,"Diabetes insipidus, diabetes mellitus, optic atrophy, deafness, mitochondrial form"
Optic atrophy,"Diabetes insipidus, diabetes mellitus, optic atrophy, deafness, mitochondrial form"
Autonomic dysfunction,"Diabetes insipidus, diabetes mellitus, optic atrophy, deafness, mitochondrial form"
Hydronephrosis,"Diabetes insipidus, diabetes mellitus, optic atrophy, deafness, mitochondrial form"
Sideroblastic anemia,"Diabetes insipidus, diabetes mellitus, optic atrophy, deafness, mitochondrial form"
Brain wasting,"Diabetes insipidus, diabetes mellitus, optic atrophy, deafness, mitochondrial form"
Distended bladder,"Diabetes insipidus, diabetes mellitus, optic atrophy, deafness, mitochondrial form"
Mental retardation,"Diabetes insipidus, diabetes mellitus, optic atrophy, deafness, mitochondrial form"
Diabetes mellitus,"Diabetes insipidus, diabetes mellitus, optic atrophy, deafness, mitochondrial form"
Deafness,"Diabetes insipidus, diabetes mellitus, optic atrophy, deafness, mitochondrial form"
Seizures,"Diabetes insipidus, diabetes mellitus, optic atrophy, deafness, mitochondrial form"
Low levels of erythrocyte thiamine pyrophosphate,"Diabetes insipidus, diabetes mellitus, optic atrophy, deafness, mitochondrial form"
Neurtopenia,"Diabetes insipidus, diabetes mellitus, optic atrophy, deafness, mitochondrial form"
Nystagmus,"Diabetes insipidus, diabetes mellitus, optic atrophy, deafness, mitochondrial form"
Hyperlactatemia - mild,"Diabetes insipidus, diabetes mellitus, optic atrophy, deafness, mitochondrial form"
Deficiency of vasopressin,"Diabetes insipidus, diabetes mellitus, optic atrophy, deafness, mitochondrial form"
Short statures,"Diabetes insipidus, nephrogenic type 2"
Dilated ureters,"Diabetes insipidus, nephrogenic type 2"
Irritability,"Diabetes insipidus, nephrogenic type 2"
Feeding difficulties,"Diabetes insipidus, nephrogenic type 2"
Constipations,"Diabetes insipidus, nephrogenic type 2"
Dilated bladder,"Diabetes insipidus, nephrogenic type 2"
Failure to thrive,"Diabetes insipidus, nephrogenic type 2"
Hypernatremia,"Diabetes insipidus, nephrogenic type 2"
Fever,"Diabetes insipidus, nephrogenic type 2"
Thirst,"Diabetes insipidus, nephrogenic type 2"
Seizures,"Diabetes insipidus, nephrogenic type 2"
Increased urination,"Diabetes insipidus, nephrogenic type 2"
Neonatal diabetes,Developmental delay -- epilepsy -- neonatal diabetes
Epilepsy,Developmental delay -- epilepsy -- neonatal diabetes
Muscle weakness,Developmental delay -- epilepsy -- neonatal diabetes
Weak face muscles,Developmental delay -- epilepsy -- neonatal diabetes
Developmental delay,Developmental delay -- epilepsy -- neonatal diabetes
Short statures,"Short stature, cranial hyperostosis, hepatomegaly and diabetes"
Enlarged liver,"Short stature, cranial hyperostosis, hepatomegaly and diabetes"
Short fingers,"Short stature, cranial hyperostosis, hepatomegaly and diabetes"
Advanced bone age,"Short stature, cranial hyperostosis, hepatomegaly and diabetes"
Thickened skull,"Short stature, cranial hyperostosis, hepatomegaly and diabetes"
Beaked nose,"Short stature, cranial hyperostosis, hepatomegaly and diabetes"
Curved fifth finger,"Short stature, cranial hyperostosis, hepatomegaly and diabetes"
Small jaw,"Short stature, cranial hyperostosis, hepatomegaly and diabetes"
Hand bone abnormalities,"Short stature, cranial hyperostosis, hepatomegaly and diabetes"
Hyperextensible joints,"Short stature, cranial hyperostosis, hepatomegaly and diabetes"
Long head,"Short stature, cranial hyperostosis, hepatomegaly and diabetes"
Narrow head,"Short stature, cranial hyperostosis, hepatomegaly and diabetes"
Vertebral abnormalities,"Short stature, cranial hyperostosis, hepatomegaly and diabetes"
Thumb anomaly,"Short stature, cranial hyperostosis, hepatomegaly and diabetes"
Prominent forehead,"Short stature, cranial hyperostosis, hepatomegaly and diabetes"
Wasting of testicles,"Diabetes insipidus, diabetes mellitus, optic atrophy"
Hallucinations,"Diabetes insipidus, diabetes mellitus, optic atrophy"
Diabetes insipidus,"Diabetes insipidus, diabetes mellitus, optic atrophy"
Megaloblastic anemia,"Diabetes insipidus, diabetes mellitus, optic atrophy"
Speaking difficulty,"Diabetes insipidus, diabetes mellitus, optic atrophy"
Headaches,"Diabetes insipidus, diabetes mellitus, optic atrophy"
Hydroureter,"Diabetes insipidus, diabetes mellitus, optic atrophy"
Thrombocytopenia,"Diabetes insipidus, diabetes mellitus, optic atrophy"
Optic atrophy,"Diabetes insipidus, diabetes mellitus, optic atrophy"
Hydronephrosis,"Diabetes insipidus, diabetes mellitus, optic atrophy"
Sideroblastic anemia,"Diabetes insipidus, diabetes mellitus, optic atrophy"
Stroke like episodes,"Diabetes insipidus, diabetes mellitus, optic atrophy"
Night urination,"Diabetes insipidus, diabetes mellitus, optic atrophy"
Psychiatric disorders,"Diabetes insipidus, diabetes mellitus, optic atrophy"
Neurogenic bladder,"Diabetes insipidus, diabetes mellitus, optic atrophy"
Hypothyroidism,"Diabetes insipidus, diabetes mellitus, optic atrophy"
Brain wasting,"Diabetes insipidus, diabetes mellitus, optic atrophy"
Swallowing difficulties,"Diabetes insipidus, diabetes mellitus, optic atrophy"
Mental retardation,"Diabetes insipidus, diabetes mellitus, optic atrophy"
Cardiomyopathy,"Diabetes insipidus, diabetes mellitus, optic atrophy"
Ataxia,"Diabetes insipidus, diabetes mellitus, optic atrophy"
Diabetes mellitus,"Diabetes insipidus, diabetes mellitus, optic atrophy"
Deafness,"Diabetes insipidus, diabetes mellitus, optic atrophy"
Paranoia,"Diabetes insipidus, diabetes mellitus, optic atrophy"
Tremors,"Diabetes insipidus, diabetes mellitus, optic atrophy"
Thirst,"Diabetes insipidus, diabetes mellitus, optic atrophy"
Impaired vision,"Diabetes insipidus, diabetes mellitus, optic atrophy"
Seizures,"Diabetes insipidus, diabetes mellitus, optic atrophy"
Nystagmus,"Diabetes insipidus, diabetes mellitus, optic atrophy"
Droopy eyelids,"Diabetes insipidus, diabetes mellitus, optic atrophy"
Retarded growth,"Diabetes insipidus, diabetes mellitus, optic atrophy"
Limited mobility of finger joints closest to hand,"Diabetes insipidus, diabetes mellitus, optic atrophy"
Short statures,Proximal tubulopathy -- diabetes mellitus -- cerebellar ataxia
Enlarged liver,Proximal tubulopathy -- diabetes mellitus -- cerebellar ataxia
Myoclonic jerks,Proximal tubulopathy -- diabetes mellitus -- cerebellar ataxia
Hearing difficulties,Proximal tubulopathy -- diabetes mellitus -- cerebellar ataxia
High urine calcium level,Proximal tubulopathy -- diabetes mellitus -- cerebellar ataxia
Polyuria,Proximal tubulopathy -- diabetes mellitus -- cerebellar ataxia
Kidney tubular defect,Proximal tubulopathy -- diabetes mellitus -- cerebellar ataxia
Osteoporosis,Proximal tubulopathy -- diabetes mellitus -- cerebellar ataxia
Reduced muscle tone,Proximal tubulopathy -- diabetes mellitus -- cerebellar ataxia
Weak eye muscles,Proximal tubulopathy -- diabetes mellitus -- cerebellar ataxia
Constipations,Proximal tubulopathy -- diabetes mellitus -- cerebellar ataxia
Diarrhea,Proximal tubulopathy -- diabetes mellitus -- cerebellar ataxia
Insulin dependent diabetes,Proximal tubulopathy -- diabetes mellitus -- cerebellar ataxia
Vision impairments,Proximal tubulopathy -- diabetes mellitus -- cerebellar ataxia
Ataxia,Proximal tubulopathy -- diabetes mellitus -- cerebellar ataxia
High urine potassium level,Proximal tubulopathy -- diabetes mellitus -- cerebellar ataxia
High urine chloride level,Proximal tubulopathy -- diabetes mellitus -- cerebellar ataxia
Droopy eyelids,Proximal tubulopathy -- diabetes mellitus -- cerebellar ataxia
Psychomotor regression,Proximal tubulopathy -- diabetes mellitus -- cerebellar ataxia
Enlarged liver,Renal tubulopathy -- diabetes mellitus -- cerebellar ataxia
Myoclonic jerks,Renal tubulopathy -- diabetes mellitus -- cerebellar ataxia
Hearing loss,Renal tubulopathy -- diabetes mellitus -- cerebellar ataxia
Blindness,Renal tubulopathy -- diabetes mellitus -- cerebellar ataxia
Osteoporosis,Renal tubulopathy -- diabetes mellitus -- cerebellar ataxia
Reduced muscle tone,Renal tubulopathy -- diabetes mellitus -- cerebellar ataxia
Excessive loss of potassium via kidneys,Renal tubulopathy -- diabetes mellitus -- cerebellar ataxia
Excessive loss of sodium via kidneys,Renal tubulopathy -- diabetes mellitus -- cerebellar ataxia
Excessive loss of calcium via kidneys,Renal tubulopathy -- diabetes mellitus -- cerebellar ataxia
Excessive loss of chlorine via kidneys,Renal tubulopathy -- diabetes mellitus -- cerebellar ataxia
Weak eye muscles,Renal tubulopathy -- diabetes mellitus -- cerebellar ataxia
Diarrhea,Renal tubulopathy -- diabetes mellitus -- cerebellar ataxia
Proximal renal tubulopathy,Renal tubulopathy -- diabetes mellitus -- cerebellar ataxia
Pigmentary retinal deposits,Renal tubulopathy -- diabetes mellitus -- cerebellar ataxia
Failure to thrive,Renal tubulopathy -- diabetes mellitus -- cerebellar ataxia
Insulin dependent diabetes,Renal tubulopathy -- diabetes mellitus -- cerebellar ataxia
Deafness,Renal tubulopathy -- diabetes mellitus -- cerebellar ataxia
Cerebellar ataxia,Renal tubulopathy -- diabetes mellitus -- cerebellar ataxia
Droopy eyelids,Renal tubulopathy -- diabetes mellitus -- cerebellar ataxia
Anorexia,Renal tubulopathy -- diabetes mellitus -- cerebellar ataxia
Rickets,Renal tubulopathy -- diabetes mellitus -- cerebellar ataxia
Increased urination,Renal tubulopathy -- diabetes mellitus -- cerebellar ataxia
Psychomotor regression,Renal tubulopathy -- diabetes mellitus -- cerebellar ataxia
Nausea,Type 1 diabetes related celiac disease
Bone pain,Type 1 diabetes related celiac disease
Muscle cramps,Type 1 diabetes related celiac disease
Dermatitis herpetiformis,Type 1 diabetes related celiac disease
Tingling leg sensation - due to nerve damage,Type 1 diabetes related celiac disease
Vitamin k deficiency,Type 1 diabetes related celiac disease
Numb leg sensation - due to nerve damage,Type 1 diabetes related celiac disease
Absence of menstruation,Type 1 diabetes related celiac disease
Sore mouth,Type 1 diabetes related celiac disease
Delayed puberty,Type 1 diabetes related celiac disease
Irritability,Type 1 diabetes related celiac disease
Constipations,Type 1 diabetes related celiac disease
Diarrhea,Type 1 diabetes related celiac disease
Abdominal bloating,Type 1 diabetes related celiac disease
Abdominal pain,Type 1 diabetes related celiac disease
Joint pain,Type 1 diabetes related celiac disease
Behavioral changes,Type 1 diabetes related celiac disease
Pale stool,Type 1 diabetes related celiac disease
Depression,Type 1 diabetes related celiac disease
Pallor,Type 1 diabetes related celiac disease
Osteopenia,Type 1 diabetes related celiac disease
Flatulence,Type 1 diabetes related celiac disease
Foul smelling stool,Type 1 diabetes related celiac disease
Delayed growth,Type 1 diabetes related celiac disease
Loose stool,Type 1 diabetes related celiac disease
Seizures,Type 1 diabetes related celiac disease
Infant failure to thrive,Type 1 diabetes related celiac disease
Abdominal cramps,Type 1 diabetes related celiac disease
Skin rashes,Type 1 diabetes related celiac disease
Loss of tooth enamel,Type 1 diabetes related celiac disease
Short statures,"Bird-headed dwarfism with progressive ataxia, insulin-resistant diabetes, goiter and primary gonadal insufficiency"
Small brain,"Bird-headed dwarfism with progressive ataxia, insulin-resistant diabetes, goiter and primary gonadal insufficiency"
Small head,"Bird-headed dwarfism with progressive ataxia, insulin-resistant diabetes, goiter and primary gonadal insufficiency"
Large eyes,"Bird-headed dwarfism with progressive ataxia, insulin-resistant diabetes, goiter and primary gonadal insufficiency"
Delayed puberty,"Bird-headed dwarfism with progressive ataxia, insulin-resistant diabetes, goiter and primary gonadal insufficiency"
Low birth weight,"Bird-headed dwarfism with progressive ataxia, insulin-resistant diabetes, goiter and primary gonadal insufficiency"
Premature fusion of sagittal skull bones,"Bird-headed dwarfism with progressive ataxia, insulin-resistant diabetes, goiter and primary gonadal insufficiency"
Beaked nose,"Bird-headed dwarfism with progressive ataxia, insulin-resistant diabetes, goiter and primary gonadal insufficiency"
Underdeveloped external genitalia,"Bird-headed dwarfism with progressive ataxia, insulin-resistant diabetes, goiter and primary gonadal insufficiency"
Insulin resistant diabetes,"Bird-headed dwarfism with progressive ataxia, insulin-resistant diabetes, goiter and primary gonadal insufficiency"
Undescended testicles,"Bird-headed dwarfism with progressive ataxia, insulin-resistant diabetes, goiter and primary gonadal insufficiency"
Mental retardation,"Bird-headed dwarfism with progressive ataxia, insulin-resistant diabetes, goiter and primary gonadal insufficiency"
Pancytopenia,"Bird-headed dwarfism with progressive ataxia, insulin-resistant diabetes, goiter and primary gonadal insufficiency"
Ataxia,"Bird-headed dwarfism with progressive ataxia, insulin-resistant diabetes, goiter and primary gonadal insufficiency"
Deafness,"Bird-headed dwarfism with progressive ataxia, insulin-resistant diabetes, goiter and primary gonadal insufficiency"
Retarded fetal growth,"Bird-headed dwarfism with progressive ataxia, insulin-resistant diabetes, goiter and primary gonadal insufficiency"
Narrow face,"Bird-headed dwarfism with progressive ataxia, insulin-resistant diabetes, goiter and primary gonadal insufficiency"
Primary gonadal insufficiency,"Bird-headed dwarfism with progressive ataxia, insulin-resistant diabetes, goiter and primary gonadal insufficiency"
Increased hormone levels,"Bird-headed dwarfism with progressive ataxia, insulin-resistant diabetes, goiter and primary gonadal insufficiency"
Clubfoot,"Bird-headed dwarfism with progressive ataxia, insulin-resistant diabetes, goiter and primary gonadal insufficiency"
Retruding lower jaw,"Bird-headed dwarfism with progressive ataxia, insulin-resistant diabetes, goiter and primary gonadal insufficiency"
Prominent nose,"Bird-headed dwarfism with progressive ataxia, insulin-resistant diabetes, goiter and primary gonadal insufficiency"
Goiters,"Bird-headed dwarfism with progressive ataxia, insulin-resistant diabetes, goiter and primary gonadal insufficiency"
Short nose,Diabetes insipidus primary central
Long groove in upper lip,Diabetes insipidus primary central
Broad nose,Diabetes insipidus primary central
Increased urine volume,Diabetes insipidus primary central
Night urination,Diabetes insipidus primary central
Reduced bone mineral density,Diabetes insipidus primary central
Bed wetting,Diabetes insipidus primary central
Pale urine,Diabetes insipidus primary central
Wide set eyes,Diabetes insipidus primary central
Increased thirst,Diabetes insipidus primary central
Increased urination,Diabetes insipidus primary central
Short statures,Short stature cranial hyperostosis hepatomegaly diabetes
Enlarged liver,Short stature cranial hyperostosis hepatomegaly diabetes
Short fingers,Short stature cranial hyperostosis hepatomegaly diabetes
Thickened skull,Short stature cranial hyperostosis hepatomegaly diabetes
Beaked nose,Short stature cranial hyperostosis hepatomegaly diabetes
Curved fifth finger,Short stature cranial hyperostosis hepatomegaly diabetes
Small jaw,Short stature cranial hyperostosis hepatomegaly diabetes
Hand bone abnormalities,Short stature cranial hyperostosis hepatomegaly diabetes
Hyperextensible joints,Short stature cranial hyperostosis hepatomegaly diabetes
Long head,Short stature cranial hyperostosis hepatomegaly diabetes
Narrow head,Short stature cranial hyperostosis hepatomegaly diabetes
Vertebral abnormalities,Short stature cranial hyperostosis hepatomegaly diabetes
Thumb anomaly,Short stature cranial hyperostosis hepatomegaly diabetes
Prominent forehead,Short stature cranial hyperostosis hepatomegaly diabetes
Gastro-esophageal reflux,Microgastria short stature diabetes
Growth hormone deficiency,Microgastria short stature diabetes
Enlarged liver,Microgastria short stature diabetes
Spleen abnormalities,Microgastria short stature diabetes
Short esophagus,Microgastria short stature diabetes
Psychomotor retardation,Microgastria short stature diabetes
Diabetes insipidus,Microgastria short stature diabetes
Eating problems,Microgastria short stature diabetes
Mental retardation,Microgastria short stature diabetes
Diaphragmatic hernia,Microgastria short stature diabetes
Intestinal malrotation,Microgastria short stature diabetes
Narrow shoulders,"Lipoatrophy with diabetes, hepatic steatosis, cardiomyopathy, and leukomelanodermic papules"
Fatty liver,"Lipoatrophy with diabetes, hepatic steatosis, cardiomyopathy, and leukomelanodermic papules"
Square jaw,"Lipoatrophy with diabetes, hepatic steatosis, cardiomyopathy, and leukomelanodermic papules"
Heart muscle disease,"Lipoatrophy with diabetes, hepatic steatosis, cardiomyopathy, and leukomelanodermic papules"
High forehead,"Lipoatrophy with diabetes, hepatic steatosis, cardiomyopathy, and leukomelanodermic papules"
Sunken  chest,"Lipoatrophy with diabetes, hepatic steatosis, cardiomyopathy, and leukomelanodermic papules"
Loss of fat under skin,"Lipoatrophy with diabetes, hepatic steatosis, cardiomyopathy, and leukomelanodermic papules"
High blood triglyceride level,"Lipoatrophy with diabetes, hepatic steatosis, cardiomyopathy, and leukomelanodermic papules"
Sparse eyebrows,"Lipoatrophy with diabetes, hepatic steatosis, cardiomyopathy, and leukomelanodermic papules"
Premature grey hair,"Lipoatrophy with diabetes, hepatic steatosis, cardiomyopathy, and leukomelanodermic papules"
Loss of body fat,"Lipoatrophy with diabetes, hepatic steatosis, cardiomyopathy, and leukomelanodermic papules"
Reduced muscle mass,"Lipoatrophy with diabetes, hepatic steatosis, cardiomyopathy, and leukomelanodermic papules"
Sunken cheeks,"Lipoatrophy with diabetes, hepatic steatosis, cardiomyopathy, and leukomelanodermic papules"
Thin lips,"Lipoatrophy with diabetes, hepatic steatosis, cardiomyopathy, and leukomelanodermic papules"
Heart valve disease,"Lipoatrophy with diabetes, hepatic steatosis, cardiomyopathy, and leukomelanodermic papules"
Irritability,Diabetes insipidus
Constipations,Diabetes insipidus
Diarrhea,Diabetes insipidus
Night urination,Diabetes insipidus
Excessive fluid intake,Diabetes insipidus
Bed wetting,Diabetes insipidus
Clear urine,Diabetes insipidus
Dry hands,Diabetes insipidus
Fever,Diabetes insipidus
Thirst,Diabetes insipidus
Listlessness,Diabetes insipidus
Increased urination,Diabetes insipidus
Dementia,"Atherosclerosis, premature -- deafness -- diabetes mellitus -- photomyoclonus -- nephropathy -- degenerative neurologic disease"
Kidney disease,"Atherosclerosis, premature -- deafness -- diabetes mellitus -- photomyoclonus -- nephropathy -- degenerative neurologic disease"
Epilepsy,"Atherosclerosis, premature -- deafness -- diabetes mellitus -- photomyoclonus -- nephropathy -- degenerative neurologic disease"
Sensorineural deafness,"Atherosclerosis, premature -- deafness -- diabetes mellitus -- photomyoclonus -- nephropathy -- degenerative neurologic disease"
Movement disorders,"Atherosclerosis, premature -- deafness -- diabetes mellitus -- photomyoclonus -- nephropathy -- degenerative neurologic disease"
Premature atherosclerosis,"Atherosclerosis, premature -- deafness -- diabetes mellitus -- photomyoclonus -- nephropathy -- degenerative neurologic disease"
Increased muscle tone,"Atherosclerosis, premature -- deafness -- diabetes mellitus -- photomyoclonus -- nephropathy -- degenerative neurologic disease"
Protein in urine,"Atherosclerosis, premature -- deafness -- diabetes mellitus -- photomyoclonus -- nephropathy -- degenerative neurologic disease"
Diabetes mellitus,"Atherosclerosis, premature -- deafness -- diabetes mellitus -- photomyoclonus -- nephropathy -- degenerative neurologic disease"
Seizures,"Atherosclerosis, premature -- deafness -- diabetes mellitus -- photomyoclonus -- nephropathy -- degenerative neurologic disease"
Increased blood pressure,"Atherosclerosis, premature -- deafness -- diabetes mellitus -- photomyoclonus -- nephropathy -- degenerative neurologic disease"
Increased urination,"Atherosclerosis, premature -- deafness -- diabetes mellitus -- photomyoclonus -- nephropathy -- degenerative neurologic disease"
Dementia,Atherosclerosis- deafness -- diabetes -- epilepsy -- nephropathy
Kidney disease,Atherosclerosis- deafness -- diabetes -- epilepsy -- nephropathy
Epilepsy,Atherosclerosis- deafness -- diabetes -- epilepsy -- nephropathy
Sensorineural deafness,Atherosclerosis- deafness -- diabetes -- epilepsy -- nephropathy
Movement disorders,Atherosclerosis- deafness -- diabetes -- epilepsy -- nephropathy
Premature atherosclerosis,Atherosclerosis- deafness -- diabetes -- epilepsy -- nephropathy
Increased muscle tone,Atherosclerosis- deafness -- diabetes -- epilepsy -- nephropathy
Diabetes mellitus,Atherosclerosis- deafness -- diabetes -- epilepsy -- nephropathy
Seizures,Atherosclerosis- deafness -- diabetes -- epilepsy -- nephropathy
Increased blood pressure,Atherosclerosis- deafness -- diabetes -- epilepsy -- nephropathy
Nausea,Diabetes
Paresthesia,Diabetes
Hand tingling,Diabetes
Poor skin healing,Diabetes
Muscle cramps,Diabetes
Numbness in hands,Diabetes
Dry itchy skin,Diabetes
Absence of menstruation,Diabetes
Thrush,Diabetes
Tinea,Diabetes
Skin infections,Diabetes
Breathing difficulties,Diabetes
Abscesses,Diabetes
Numbness in feet,Diabetes
Headaches,Diabetes
Tiredness,Diabetes
Hypertension,Diabetes
Sexual problems,Diabetes
Irritability,Diabetes
Foot tingling,Diabetes
Vaginal dryness,Diabetes
Peripheral neuropathies,Diabetes
Muscle weakness,Diabetes
Bed wetting,Diabetes
Muscle aches,Diabetes
Malaise,Diabetes
Premature menopause,Diabetes
Abdominal pain,Diabetes
Persistent fungal skin infections,Diabetes
Blurred vision,Diabetes
Poor healing,Diabetes
Erectile failure,Diabetes
Candida,Diabetes
Thirst,Diabetes
Flaky skin,Diabetes
Weight gain,Diabetes
Skin ulcers,Diabetes
Acne,Diabetes
Skin boils,Diabetes
Skin rashes,Diabetes
Urinary tract infections,Diabetes
Type 2 diabetes,Diabetes
Increased urination,Diabetes
Hyperglycemic hyperosmolar nonketotic syndrome (hhns),Diabetes
Sweet-smelling fruity acetone breath,Diabetes
Excessive hunger,Diabetes
Short statures,Ectodermal dysplasia -- arthrogryposis -- diabetes mellitus
Reduced  body hair,Ectodermal dysplasia -- arthrogryposis -- diabetes mellitus
Dry skin,Ectodermal dysplasia -- arthrogryposis -- diabetes mellitus
Lymphoedema,Ectodermal dysplasia -- arthrogryposis -- diabetes mellitus
Small nails,Ectodermal dysplasia -- arthrogryposis -- diabetes mellitus
Camptodactyly,Ectodermal dysplasia -- arthrogryposis -- diabetes mellitus
Webbed toes,Ectodermal dysplasia -- arthrogryposis -- diabetes mellitus
Curved fifth finger,Ectodermal dysplasia -- arthrogryposis -- diabetes mellitus
Missing nails,Ectodermal dysplasia -- arthrogryposis -- diabetes mellitus
Sparse scalp hair,Ectodermal dysplasia -- arthrogryposis -- diabetes mellitus
Missing eye lashes,Ectodermal dysplasia -- arthrogryposis -- diabetes mellitus
Twisted hair strands,Ectodermal dysplasia -- arthrogryposis -- diabetes mellitus
Stained teeth,Ectodermal dysplasia -- arthrogryposis -- diabetes mellitus
Insulin dependent diabetes,Ectodermal dysplasia -- arthrogryposis -- diabetes mellitus
Sparse  eyelashes,Ectodermal dysplasia -- arthrogryposis -- diabetes mellitus
Fine hair,Ectodermal dysplasia -- arthrogryposis -- diabetes mellitus
Abnormal walk,Ectodermal dysplasia -- arthrogryposis -- diabetes mellitus
Upward slanting space between eyelids,Ectodermal dysplasia -- arthrogryposis -- diabetes mellitus
Retarded fetal growth,Ectodermal dysplasia -- arthrogryposis -- diabetes mellitus
Impaired joint mobility,Ectodermal dysplasia -- arthrogryposis -- diabetes mellitus
Clubfoot,Ectodermal dysplasia -- arthrogryposis -- diabetes mellitus
Absent scalp hair,Ectodermal dysplasia -- arthrogryposis -- diabetes mellitus
Poor wound healing,"Diabetes mellitus, noninsulin-dependent, susceptibility to, 1"
Muscle aching,"Diabetes mellitus, noninsulin-dependent, susceptibility to, 1"
Absence of menstruation,"Diabetes mellitus, noninsulin-dependent, susceptibility to, 1"
Tiredness,"Diabetes mellitus, noninsulin-dependent, susceptibility to, 1"
Sexual problems,"Diabetes mellitus, noninsulin-dependent, susceptibility to, 1"
Weight loss,"Diabetes mellitus, noninsulin-dependent, susceptibility to, 1"
Vaginal dryness,"Diabetes mellitus, noninsulin-dependent, susceptibility to, 1"
Increased or decreased blood sugar level,"Diabetes mellitus, noninsulin-dependent, susceptibility to, 1"
Frequent infections,"Diabetes mellitus, noninsulin-dependent, susceptibility to, 1"
Muscle weakness,"Diabetes mellitus, noninsulin-dependent, susceptibility to, 1"
Dark velvety skin patches,"Diabetes mellitus, noninsulin-dependent, susceptibility to, 1"
Persistent fungal skin infections,"Diabetes mellitus, noninsulin-dependent, susceptibility to, 1"
Blurred vision,"Diabetes mellitus, noninsulin-dependent, susceptibility to, 1"
Erectile failure,"Diabetes mellitus, noninsulin-dependent, susceptibility to, 1"
Thirst,"Diabetes mellitus, noninsulin-dependent, susceptibility to, 1"
Acne,"Diabetes mellitus, noninsulin-dependent, susceptibility to, 1"
Increased urination,"Diabetes mellitus, noninsulin-dependent, susceptibility to, 1"
Excessive hunger,"Diabetes mellitus, noninsulin-dependent, susceptibility to, 1"
Poor wound healing,"Diabetes mellitus, noninsulin-dependent, susceptibility to, 3"
Muscle aching,"Diabetes mellitus, noninsulin-dependent, susceptibility to, 3"
Absence of menstruation,"Diabetes mellitus, noninsulin-dependent, susceptibility to, 3"
Tiredness,"Diabetes mellitus, noninsulin-dependent, susceptibility to, 3"
Sexual problems,"Diabetes mellitus, noninsulin-dependent, susceptibility to, 3"
Weight loss,"Diabetes mellitus, noninsulin-dependent, susceptibility to, 3"
Vaginal dryness,"Diabetes mellitus, noninsulin-dependent, susceptibility to, 3"
Increased or decreased blood sugar level,"Diabetes mellitus, noninsulin-dependent, susceptibility to, 3"
Frequent infections,"Diabetes mellitus, noninsulin-dependent, susceptibility to, 3"
Muscle weakness,"Diabetes mellitus, noninsulin-dependent, susceptibility to, 3"
Dark velvety skin patches,"Diabetes mellitus, noninsulin-dependent, susceptibility to, 3"
Persistent fungal skin infections,"Diabetes mellitus, noninsulin-dependent, susceptibility to, 3"
Blurred vision,"Diabetes mellitus, noninsulin-dependent, susceptibility to, 3"
Erectile failure,"Diabetes mellitus, noninsulin-dependent, susceptibility to, 3"
Thirst,"Diabetes mellitus, noninsulin-dependent, susceptibility to, 3"
Acne,"Diabetes mellitus, noninsulin-dependent, susceptibility to, 3"
Increased urination,"Diabetes mellitus, noninsulin-dependent, susceptibility to, 3"
Excessive hunger,"Diabetes mellitus, noninsulin-dependent, susceptibility to, 3"
Poor wound healing,"Diabetes mellitus, noninsulin-dependent, susceptibility to, 2"
Muscle aching,"Diabetes mellitus, noninsulin-dependent, susceptibility to, 2"
Absence of menstruation,"Diabetes mellitus, noninsulin-dependent, susceptibility to, 2"
Tiredness,"Diabetes mellitus, noninsulin-dependent, susceptibility to, 2"
Sexual problems,"Diabetes mellitus, noninsulin-dependent, susceptibility to, 2"
Weight loss,"Diabetes mellitus, noninsulin-dependent, susceptibility to, 2"
Vaginal dryness,"Diabetes mellitus, noninsulin-dependent, susceptibility to, 2"
Increased or decreased blood sugar level,"Diabetes mellitus, noninsulin-dependent, susceptibility to, 2"
Frequent infections,"Diabetes mellitus, noninsulin-dependent, susceptibility to, 2"
Muscle weakness,"Diabetes mellitus, noninsulin-dependent, susceptibility to, 2"
Dark velvety skin patches,"Diabetes mellitus, noninsulin-dependent, susceptibility to, 2"
Persistent fungal skin infections,"Diabetes mellitus, noninsulin-dependent, susceptibility to, 2"
Blurred vision,"Diabetes mellitus, noninsulin-dependent, susceptibility to, 2"
Erectile failure,"Diabetes mellitus, noninsulin-dependent, susceptibility to, 2"
Thirst,"Diabetes mellitus, noninsulin-dependent, susceptibility to, 2"
Acne,"Diabetes mellitus, noninsulin-dependent, susceptibility to, 2"
Increased urination,"Diabetes mellitus, noninsulin-dependent, susceptibility to, 2"
Excessive hunger,"Diabetes mellitus, noninsulin-dependent, susceptibility to, 2"
Poor wound healing,"Diabetes mellitus, noninsulin-dependent, susceptibility to, 4"
Muscle aching,"Diabetes mellitus, noninsulin-dependent, susceptibility to, 4"
Absence of menstruation,"Diabetes mellitus, noninsulin-dependent, susceptibility to, 4"
Tiredness,"Diabetes mellitus, noninsulin-dependent, susceptibility to, 4"
Sexual problems,"Diabetes mellitus, noninsulin-dependent, susceptibility to, 4"
Weight loss,"Diabetes mellitus, noninsulin-dependent, susceptibility to, 4"
Vaginal dryness,"Diabetes mellitus, noninsulin-dependent, susceptibility to, 4"
Increased or decreased blood sugar level,"Diabetes mellitus, noninsulin-dependent, susceptibility to, 4"
Frequent infections,"Diabetes mellitus, noninsulin-dependent, susceptibility to, 4"
Muscle weakness,"Diabetes mellitus, noninsulin-dependent, susceptibility to, 4"
Dark velvety skin patches,"Diabetes mellitus, noninsulin-dependent, susceptibility to, 4"
Persistent fungal skin infections,"Diabetes mellitus, noninsulin-dependent, susceptibility to, 4"
Blurred vision,"Diabetes mellitus, noninsulin-dependent, susceptibility to, 4"
Erectile failure,"Diabetes mellitus, noninsulin-dependent, susceptibility to, 4"
Thirst,"Diabetes mellitus, noninsulin-dependent, susceptibility to, 4"
Acne,"Diabetes mellitus, noninsulin-dependent, susceptibility to, 4"
Increased urination,"Diabetes mellitus, noninsulin-dependent, susceptibility to, 4"
Excessive hunger,"Diabetes mellitus, noninsulin-dependent, susceptibility to, 4"
Short statures,Nephrogenic diabetes insipidus
Low blood sodium level,Nephrogenic diabetes insipidus
Dilated ureters,Nephrogenic diabetes insipidus
Constipations,Nephrogenic diabetes insipidus
Convulsions,Nephrogenic diabetes insipidus
Dilated bladder,Nephrogenic diabetes insipidus
Failure to thrive,Nephrogenic diabetes insipidus
Fever,Nephrogenic diabetes insipidus
Thirst,Nephrogenic diabetes insipidus
Poor feeding in infants,Nephrogenic diabetes insipidus
Anorexia,Nephrogenic diabetes insipidus
Increased urination,Nephrogenic diabetes insipidus
